NAME	GS<br> follow link to MSigDB	GS DETAILS	SIZE	ES	NES	NOM p-val	FDR q-val	FWER p-val	RANK AT MAX	LEADING EDGE	
CYSTER_20XX_UP_IN_PRE_MEMORY_TOP_500_FC2	CYSTER_20XX_UP_IN_PRE_MEMORY_TOP_500_FC2	Details ...	395	0.67440176	2.8578658	0.0	0.0	0.0	1991	tags=43%, list=14%, signal=49%	
D30_BMEM_OVER_GCB_FDR05_FC2_UP	D30_BMEM_OVER_GCB_FDR05_FC2_UP	Details ...	345	0.5996433	2.5272267	0.0	0.0	0.0	2482	tags=41%, list=18%, signal=49%	
WANG_20XX_UP_IN_MEMORY_PRECURSOR	WANG_20XX_UP_IN_MEMORY_PRECURSOR	Details ...	237	0.6230737	2.5225816	0.0	0.0	0.0	1677	tags=36%, list=12%, signal=40%	
WT_OVER_IFNGRKO_FDR05_UP	WT_OVER_IFNGRKO_FDR05_UP	Details ...	127	0.5125567	1.9295543	0.0	0.0	0.0	1918	tags=24%, list=14%, signal=28%	
